PassengerId,Nationality
1,CelticEnglish
2,CelticEnglish
3,Nordic Scandinavian Sweden
4,CelticEnglish
5,CelticEnglish
6,CelticEnglish
7,CelticEnglish
8,Nordic Scandinavian Sweden
9,Nordic Scandinavian Norway
10,CelticEnglish
11,European French
12,CelticEnglish
13,CelticEnglish
14,Nordic Scandinavian Sweden
15,Hispanic Portuguese
16,CelticEnglish
17,CelticEnglish
18,CelticEnglish
19,CelticEnglish
20,Hispanic Portuguese
21,CelticEnglish
22,CelticEnglish
23,CelticEnglish
24,CelticEnglish
25,Nordic Scandinavian Denmark
26,Nordic Scandinavian Sweden
27,EastAsian Malay Malaysia
28,CelticEnglish
29,CelticEnglish
30,CelticEnglish
31,Hispanic Spanish
32,European French
33,CelticEnglish
34,CelticEnglish
35,European German
36,European German
37,European German
38,CelticEnglish
39,European Italian Italy
40,European French
41,Nordic Scandinavian Sweden
42,CelticEnglish
43,European German
44,European French
45,CelticEnglish
46,CelticEnglish
47,CelticEnglish
48,CelticEnglish
49,Muslim Nubian
50,European German
51,Nordic Finland
52,CelticEnglish
53,Hispanic Philippines
54,CelticEnglish
55,EastAsian Malay Indonesia
56,CelticEnglish
57,CelticEnglish
58,EastAsian Malay Indonesia
59,CelticEnglish
60,CelticEnglish
61,European German
62,European French
63,CelticEnglish
64,Nordic Scandinavian Sweden
65,CelticEnglish
66,European French
67,CelticEnglish
68,CelticEnglish
69,Nordic Scandinavian Sweden
70,European German
71,CelticEnglish
72,CelticEnglish
73,CelticEnglish
74,Greek
75,CelticEnglish
76,Nordic Scandinavian Norway
77,CelticEnglish
78,European French
79,CelticEnglish
80,CelticEnglish
81,European French
82,European German
83,CelticEnglish
84,Hispanic Spanish
85,Hispanic Spanish
86,Nordic Scandinavian Sweden
87,CelticEnglish
88,Muslim Turkic Turkey
89,CelticEnglish
90,European Italian Italy
91,European German
92,Nordic Scandinavian Sweden
93,European German
94,CelticEnglish
95,CelticEnglish
96,CelticEnglish
97,European German
98,CelticEnglish
99,CelticEnglish
100,Hispanic Spanish
101,CelticEnglish
102,Hispanic Spanish
103,CelticEnglish
104,Nordic Scandinavian Sweden
105,Nordic Scandinavian Sweden
106,European SouthSlavs
107,European Italian Italy
108,CelticEnglish
109,European German
110,Hispanic Spanish
111,CelticEnglish
112,European French
113,CelticEnglish
114,Nordic Finland
115,European French
116,Nordic Scandinavian Norway
117,CelticEnglish
118,CelticEnglish
119,CelticEnglish
120,Nordic Scandinavian Denmark
121,CelticEnglish
122,CelticEnglish
123,CelticEnglish
124,CelticEnglish
125,CelticEnglish
126,Hispanic Portuguese
127,CelticEnglish
128,Nordic Scandinavian Norway
129,European German
130,Nordic Scandinavian Sweden
131,CelticEnglish
132,Hispanic Portuguese
133,European French
134,European French
135,CelticEnglish
136,European French
137,CelticEnglish
138,European French
139,European German
140,Hispanic Spanish
141,CelticEnglish
142,Nordic Scandinavian Norway
143,EastAsian Malay Indonesia
144,CelticEnglish
145,Hispanic Philippines
146,CelticEnglish
147,Nordic Scandinavian Sweden
148,CelticEnglish
149,European French
150,CelticEnglish
151,CelticEnglish
152,CelticEnglish
153,Hispanic Spanish
154,CelticEnglish
155,Nordic Scandinavian Norway
156,CelticEnglish
157,CelticEnglish
158,CelticEnglish
159,European SouthSlavs
160,CelticEnglish
161,CelticEnglish
162,CelticEnglish
163,Nordic Scandinavian Sweden
164,European SouthSlavs
165,CelticEnglish
166,CelticEnglish
167,CelticEnglish
168,Nordic Scandinavian Sweden
169,European German
170,EastAsian Chinese
171,CelticEnglish
172,CelticEnglish
173,CelticEnglish
174,Nordic Finland
175,CelticEnglish
176,Nordic Scandinavian Sweden
177,European German
178,CelticEnglish
179,CelticEnglish
180,European French
181,CelticEnglish
182,European French
183,CelticEnglish
184,European German
185,European German
186,CelticEnglish
187,CelticEnglish
188,European French
189,CelticEnglish
190,European SouthSlavs
191,Hispanic Spanish
192,CelticEnglish
193,Hispanic Portuguese
194,European French
195,CelticEnglish
196,European French
197,CelticEnglish
198,Nordic Scandinavian Norway
199,CelticEnglish
200,European French
201,Hispanic Spanish
202,CelticEnglish
203,Nordic Scandinavian Sweden
204,Muslim Nubian
205,European French
206,Hispanic Portuguese
207,CelticEnglish
208,Muslim Nubian
209,CelticEnglish
210,European German
211,Muslim Nubian
212,CelticEnglish
213,CelticEnglish
214,European German
215,CelticEnglish
216,CelticEnglish
217,Nordic Finland
218,Hispanic Portuguese
219,European Italian Italy
220,CelticEnglish
221,CelticEnglish
222,CelticEnglish
223,CelticEnglish
224,EastAsian Malay Indonesia
225,CelticEnglish
226,Nordic Scandinavian Sweden
227,CelticEnglish
228,CelticEnglish
229,Nordic Scandinavian Sweden
230,European French
231,European German
232,Nordic Scandinavian Sweden
233,European German
234,Nordic Scandinavian Sweden
235,Hispanic Philippines
236,CelticEnglish
237,CelticEnglish
238,CelticEnglish
239,CelticEnglish
240,CelticEnglish
241,Hispanic Portuguese
242,CelticEnglish
243,CelticEnglish
244,Nordic Finland
245,European French
246,CelticEnglish
247,Nordic Scandinavian Norway
248,Nordic Finland
249,CelticEnglish
250,CelticEnglish
251,CelticEnglish
252,Nordic Scandinavian Sweden
253,CelticEnglish
254,CelticEnglish
255,EastAsian Malay Indonesia
256,Nordic Scandinavian Norway
257,CelticEnglish
258,CelticEnglish
259,CelticEnglish
260,CelticEnglish
261,CelticEnglish
262,Nordic Scandinavian Sweden
263,European German
264,CelticEnglish
265,CelticEnglish
266,CelticEnglish
267,CelticEnglish
268,Nordic Scandinavian Sweden
269,CelticEnglish
270,CelticEnglish
271,CelticEnglish
272,Hispanic Spanish
273,CelticEnglish
274,European French
275,CelticEnglish
276,CelticEnglish
277,Nordic Scandinavian Denmark
278,CelticEnglish
279,CelticEnglish
280,CelticEnglish
281,CelticEnglish
282,Nordic Scandinavian Sweden
283,European German
284,CelticEnglish
285,CelticEnglish
286,European SouthSlavs
287,European French
288,Hispanic Spanish
289,Hispanic Spanish
290,CelticEnglish
291,CelticEnglish
292,CelticEnglish
293,European French
294,European German
295,European SouthSlavs
296,CelticEnglish
297,Muslim Nubian
298,CelticEnglish
299,European German
300,European French
301,CelticEnglish
302,CelticEnglish
303,CelticEnglish
304,CelticEnglish
305,CelticEnglish
306,CelticEnglish
307,CelticEnglish
308,Hispanic Spanish
309,CelticEnglish
310,Hispanic Spanish
311,CelticEnglish
312,CelticEnglish
313,European Italian Italy
314,CelticEnglish
315,CelticEnglish
316,Nordic Scandinavian Sweden
317,Hispanic Spanish
318,European German
319,CelticEnglish
320,CelticEnglish
321,African WestAfrican
322,EastAsian Malay Indonesia
323,CelticEnglish
324,CelticEnglish
325,CelticEnglish
326,CelticEnglish
327,Nordic Scandinavian Norway
328,CelticEnglish
329,CelticEnglish
330,European French
331,CelticEnglish
332,CelticEnglish
333,CelticEnglish
334,European German
335,Hispanic Spanish
336,European French
337,CelticEnglish
338,CelticEnglish
339,Nordic Scandinavian Norway
340,CelticEnglish
341,European French
342,CelticEnglish
343,Nordic Scandinavian Sweden
344,CelticEnglish
345,CelticEnglish
346,CelticEnglish
347,CelticEnglish
348,Hispanic Spanish
349,CelticEnglish
350,European SouthSlavs
351,European German
352,CelticEnglish
353,European French
354,European German
355,Muslim Nubian
356,CelticEnglish
357,CelticEnglish
358,European German
359,CelticEnglish
360,CelticEnglish
361,Nordic Scandinavian Sweden
362,European Italian Italy
363,European French
364,Muslim Nubian
365,CelticEnglish
366,EastAsian Malay Indonesia
367,CelticEnglish
368,European French
369,CelticEnglish
370,European French
371,European German
372,Nordic Scandinavian Sweden
373,CelticEnglish
374,European Italian Italy
375,Nordic Scandinavian Sweden
376,European French
377,European Italian Italy
378,CelticEnglish
379,European French
380,Nordic Scandinavian Sweden
381,European French
382,Hispanic Spanish
383,Nordic Finland
384,CelticEnglish
385,CelticEnglish
386,CelticEnglish
387,CelticEnglish
388,CelticEnglish
389,CelticEnglish
390,Hispanic Spanish
391,CelticEnglish
392,Nordic Scandinavian Sweden
393,Nordic Scandinavian Sweden
394,CelticEnglish
395,Nordic Scandinavian Sweden
396,Nordic Scandinavian Sweden
397,Nordic Scandinavian Sweden
398,CelticEnglish
399,European French
400,Hispanic Spanish
401,Nordic Finland
402,CelticEnglish
403,Nordic Finland
404,Nordic Finland
405,European SouthSlavs
406,CelticEnglish
407,CelticEnglish
408,CelticEnglish
409,Nordic Scandinavian Norway
410,European German
411,CelticEnglish
412,CelticEnglish
413,CelticEnglish
414,CelticEnglish
415,Nordic Scandinavian Sweden
416,CelticEnglish
417,European French
418,CelticEnglish
419,CelticEnglish
420,European German
421,European Italian Romania
422,CelticEnglish
423,CelticEnglish
424,Nordic Scandinavian Denmark
425,European German
426,CelticEnglish
427,CelticEnglish
428,CelticEnglish
429,CelticEnglish
430,CelticEnglish
431,EastAsian Malay Indonesia
432,CelticEnglish
433,EastAsian Malay Indonesia
434,Nordic Finland
435,CelticEnglish
436,European French
437,CelticEnglish
438,CelticEnglish
439,CelticEnglish
440,EastAsian Malay Indonesia
441,CelticEnglish
442,European German
443,Nordic Scandinavian Sweden
444,Hispanic Spanish
445,Nordic Scandinavian Sweden
446,CelticEnglish
447,European German
448,CelticEnglish
449,European French
450,Hispanic Portuguese
451,CelticEnglish
452,Nordic Scandinavian Norway
453,CelticEnglish
454,CelticEnglish
455,European French
456,Hispanic Spanish
457,European French
458,CelticEnglish
459,CelticEnglish
460,CelticEnglish
461,CelticEnglish
462,CelticEnglish
463,CelticEnglish
464,CelticEnglish
465,European German
466,Hispanic Portuguese
467,CelticEnglish
468,CelticEnglish
469,CelticEnglish
470,European French
471,CelticEnglish
472,European SouthSlavs
473,CelticEnglish
474,European French
475,Nordic Scandinavian Sweden
476,CelticEnglish
477,CelticEnglish
478,CelticEnglish
479,Nordic Scandinavian Sweden
480,Nordic Scandinavian Sweden
481,CelticEnglish
482,CelticEnglish
483,CelticEnglish
484,European German
485,CelticEnglish
486,European French
487,CelticEnglish
488,CelticEnglish
489,CelticEnglish
490,CelticEnglish
491,CelticEnglish
492,Nordic Scandinavian Norway
493,CelticEnglish
494,Hispanic Spanish
495,CelticEnglish
496,Muslim Nubian
497,CelticEnglish
498,CelticEnglish
499,CelticEnglish
500,Nordic Scandinavian Sweden
501,European SouthSlavs
502,CelticEnglish
503,CelticEnglish
504,Nordic Finland
505,Hispanic Portuguese
506,Hispanic Spanish
507,CelticEnglish
508,CelticEnglish
509,Nordic Scandinavian Norway
510,European German
511,CelticEnglish
512,CelticEnglish
513,CelticEnglish
514,CelticEnglish
515,EastAsian Malay Indonesia
516,CelticEnglish
517,CelticEnglish
518,CelticEnglish
519,CelticEnglish
520,European SouthSlavs
521,European French
522,European SouthSlavs
523,European French
524,European German
525,Muslim Nubian
526,CelticEnglish
527,CelticEnglish
528,CelticEnglish
529,Nordic Finland
530,CelticEnglish
531,CelticEnglish
532,European French
533,African EastAfrican
534,CelticEnglish
535,European SouthSlavs
536,CelticEnglish
537,CelticEnglish
538,European French
539,CelticEnglish
540,European German
541,CelticEnglish
542,Nordic Scandinavian Sweden
543,Nordic Scandinavian Sweden
544,CelticEnglish
545,Hispanic Portuguese
546,CelticEnglish
547,CelticEnglish
548,European French
549,CelticEnglish
550,CelticEnglish
551,CelticEnglish
552,CelticEnglish
553,CelticEnglish
554,Muslim Pakistanis Bangladesh
555,CelticEnglish
556,CelticEnglish
557,CelticEnglish
558,CelticEnglish
559,CelticEnglish
560,CelticEnglish
561,CelticEnglish
562,EastAsian Malay Indonesia
563,CelticEnglish
564,CelticEnglish
565,CelticEnglish
566,CelticEnglish
567,European Russian
568,Nordic Scandinavian Sweden
569,European French
570,Nordic Scandinavian Sweden
571,CelticEnglish
572,CelticEnglish
573,CelticEnglish
574,CelticEnglish
575,CelticEnglish
576,CelticEnglish
577,CelticEnglish
578,CelticEnglish
579,Hispanic Portuguese
580,Nordic Finland
581,CelticEnglish
582,CelticEnglish
583,CelticEnglish
584,CelticEnglish
585,European German
586,CelticEnglish
587,CelticEnglish
588,African EastAfrican
589,Hispanic Spanish
590,CelticEnglish
591,Nordic Finland
592,Hispanic Spanish
593,CelticEnglish
594,CelticEnglish
595,CelticEnglish
596,European French
597,CelticEnglish
598,CelticEnglish
599,European German
600,CelticEnglish
601,CelticEnglish
602,CelticEnglish
603,CelticEnglish
604,European German
605,CelticEnglish
606,Nordic Scandinavian Sweden
607,SouthAsian
608,CelticEnglish
609,European French
610,CelticEnglish
611,EastAsian Malay Indonesia
612,Hispanic Spanish
613,CelticEnglish
614,CelticEnglish
615,CelticEnglish
616,European French
617,European German
618,CelticEnglish
619,European German
620,CelticEnglish
621,Hispanic Spanish
622,CelticEnglish
623,EastAsian Malay Indonesia
624,Nordic Scandinavian Denmark
625,CelticEnglish
626,CelticEnglish
627,CelticEnglish
628,CelticEnglish
629,European German
630,CelticEnglish
631,CelticEnglish
632,Nordic Scandinavian Sweden
633,European German
634,CelticEnglish
635,Nordic Scandinavian Sweden
636,CelticEnglish
637,Nordic Finland
638,CelticEnglish
639,Nordic Finland
640,CelticEnglish
641,Nordic Scandinavian Denmark
642,CelticEnglish
643,Nordic Scandinavian Sweden
644,EastAsian Chinese
645,European French
646,CelticEnglish
647,Hispanic Spanish
648,European German
649,CelticEnglish
650,CelticEnglish
651,EastAsian Malay Indonesia
652,CelticEnglish
653,Nordic Scandinavian Norway
654,CelticEnglish
655,CelticEnglish
656,CelticEnglish
657,European German
658,CelticEnglish
659,CelticEnglish
660,CelticEnglish
661,CelticEnglish
662,European French
663,CelticEnglish
664,CelticEnglish
665,Nordic Finland
666,CelticEnglish
667,CelticEnglish
668,Nordic Scandinavian Denmark
669,CelticEnglish
670,CelticEnglish
671,CelticEnglish
672,CelticEnglish
673,CelticEnglish
674,European German
675,CelticEnglish
676,Nordic Scandinavian Sweden
677,CelticEnglish
678,European Italian Italy
679,CelticEnglish
680,European German
681,CelticEnglish
682,Muslim Nubian
683,Nordic Scandinavian Norway
684,CelticEnglish
685,CelticEnglish
686,European French
687,CelticEnglish
688,European SouthSlavs
689,European German
690,CelticEnglish
691,CelticEnglish
692,European German
693,EastAsian Chinese
694,Muslim Nubian
695,CelticEnglish
696,CelticEnglish
697,CelticEnglish
698,CelticEnglish
699,CelticEnglish
700,European German
701,European French
702,CelticEnglish
703,European French
704,CelticEnglish
705,Nordic Scandinavian Denmark
706,CelticEnglish
707,CelticEnglish
708,CelticEnglish
709,CelticEnglish
710,European French
711,European French
712,EastAsian Malay Indonesia
713,CelticEnglish
714,Nordic Scandinavian Sweden
715,CelticEnglish
716,CelticEnglish
717,European German
718,CelticEnglish
719,CelticEnglish
720,CelticEnglish
721,CelticEnglish
722,Nordic Scandinavian Denmark
723,CelticEnglish
724,CelticEnglish
725,CelticEnglish
726,European SouthSlavs
727,CelticEnglish
728,CelticEnglish
729,European German
730,CelticEnglish
731,CelticEnglish
732,Muslim Nubian
733,CelticEnglish
734,CelticEnglish
735,African EastAfrican
736,CelticEnglish
737,CelticEnglish
738,European French
739,Hispanic Spanish
740,European French
741,CelticEnglish
742,CelticEnglish
743,CelticEnglish
744,CelticEnglish
745,Nordic Finland
746,CelticEnglish
747,CelticEnglish
748,Nordic Finland
749,CelticEnglish
750,CelticEnglish
751,CelticEnglish
752,European German
753,European German
754,Hispanic Spanish
755,CelticEnglish
756,Nordic Finland
757,Nordic Scandinavian Sweden
758,CelticEnglish
759,CelticEnglish
760,CelticEnglish
761,CelticEnglish
762,European French
763,European German
764,European German
765,Nordic Scandinavian Sweden
766,CelticEnglish
767,European German
768,CelticEnglish
769,Hispanic Spanish
770,Hispanic Spanish
771,European French
772,Nordic Scandinavian Denmark
773,CelticEnglish
774,European French
775,CelticEnglish
776,Nordic Scandinavian Sweden
777,CelticEnglish
778,Hispanic Spanish
779,CelticEnglish
780,CelticEnglish
781,European French
782,CelticEnglish
783,CelticEnglish
784,CelticEnglish
785,CelticEnglish
786,CelticEnglish
787,Nordic Scandinavian Sweden
788,CelticEnglish
789,CelticEnglish
790,European German
791,CelticEnglish
792,CelticEnglish
793,CelticEnglish
794,CelticEnglish
795,CelticEnglish
796,CelticEnglish
797,CelticEnglish
798,European German
799,European French
800,European French
801,CelticEnglish
802,CelticEnglish
803,CelticEnglish
804,CelticEnglish
805,Nordic Scandinavian Sweden
806,Nordic Scandinavian Sweden
807,CelticEnglish
808,Nordic Scandinavian Sweden
809,European German
810,CelticEnglish
811,CelticEnglish
812,CelticEnglish
813,CelticEnglish
814,Nordic Scandinavian Sweden
815,CelticEnglish
816,CelticEnglish
817,EastAsian South Korea
818,European French
819,Nordic Scandinavian Denmark
820,Nordic Scandinavian Sweden
821,CelticEnglish
822,European SouthSlavs
823,CelticEnglish
824,CelticEnglish
825,CelticEnglish
826,CelticEnglish
827,EastAsian Indochina Vietnam
828,European French
829,CelticEnglish
830,Hispanic Spanish
831,CelticEnglish
832,CelticEnglish
833,Muslim Persian
834,Nordic Scandinavian Sweden
835,CelticEnglish
836,CelticEnglish
837,European German
838,European French
839,EastAsian Indochina Vietnam
840,European French
841,Nordic Finland
842,CelticEnglish
843,Hispanic Portuguese
844,CelticEnglish
845,Hispanic Portuguese
846,CelticEnglish
847,CelticEnglish
848,European Italian Romania
849,CelticEnglish
850,CelticEnglish
851,Nordic Scandinavian Sweden
852,Nordic Scandinavian Sweden
853,European French
854,CelticEnglish
855,CelticEnglish
856,CelticEnglish
857,CelticEnglish
858,CelticEnglish
859,European German
860,Muslim Persian
861,Nordic Scandinavian Denmark
862,CelticEnglish
863,CelticEnglish
864,CelticEnglish
865,CelticEnglish
866,Nordic Scandinavian Sweden
867,Hispanic Spanish
868,Hispanic Portuguese
869,European French
870,CelticEnglish
871,SouthAsian
872,CelticEnglish
873,Nordic Scandinavian Sweden
874,Hispanic Spanish
875,CelticEnglish
876,European French
877,Nordic Scandinavian Sweden
878,Hispanic Spanish
879,EastAsian Malay Indonesia
880,CelticEnglish
881,CelticEnglish
882,European German
883,Nordic Scandinavian Sweden
884,CelticEnglish
885,CelticEnglish
886,CelticEnglish
887,CelticEnglish
888,CelticEnglish
889,CelticEnglish
890,European German
891,CelticEnglish
892,CelticEnglish
893,CelticEnglish
894,CelticEnglish
895,European German
896,Nordic Scandinavian Sweden
897,Nordic Scandinavian Sweden
898,CelticEnglish
899,CelticEnglish
900,European French
901,CelticEnglish
902,Hispanic Spanish
903,CelticEnglish
904,CelticEnglish
905,CelticEnglish
906,CelticEnglish
907,European Italian Italy
908,CelticEnglish
909,Muslim Nubian
910,EastAsian Malay Indonesia
911,European Italian Italy
912,CelticEnglish
913,Nordic Scandinavian Norway
914,European French
915,CelticEnglish
916,European French
917,CelticEnglish
918,European French
919,Muslim Nubian
920,CelticEnglish
921,Muslim Nubian
922,CelticEnglish
923,CelticEnglish
924,CelticEnglish
925,CelticEnglish
926,European German
927,Greek
928,European German
929,European SouthSlavs
930,Hispanic Philippines
931,EastAsian Chinese
932,European German
933,CelticEnglish
934,CelticEnglish
935,CelticEnglish
936,CelticEnglish
937,European German
938,European French
939,CelticEnglish
940,CelticEnglish
941,CelticEnglish
942,CelticEnglish
943,European German
944,CelticEnglish
945,CelticEnglish
946,European Italian Italy
947,CelticEnglish
948,European French
949,Nordic Scandinavian Norway
950,CelticEnglish
951,European French
952,European Italian Italy
953,CelticEnglish
954,Nordic Scandinavian Sweden
955,CelticEnglish
956,CelticEnglish
957,CelticEnglish
958,CelticEnglish
959,CelticEnglish
960,CelticEnglish
961,CelticEnglish
962,CelticEnglish
963,European SouthSlavs
964,Nordic Finland
965,Hispanic Spanish
966,European German
967,CelticEnglish
968,CelticEnglish
969,Hispanic Philippines
970,CelticEnglish
971,CelticEnglish
972,Muslim Nubian
973,European German
974,CelticEnglish
975,European German
976,CelticEnglish
977,Muslim Nubian
978,European French
979,CelticEnglish
980,CelticEnglish
981,CelticEnglish
982,Nordic Scandinavian Sweden
983,Nordic Scandinavian Norway
984,CelticEnglish
985,CelticEnglish
986,European German
987,European German
988,European German
989,Nordic Finland
990,Nordic Scandinavian Norway
991,CelticEnglish
992,CelticEnglish
993,European German
994,CelticEnglish
995,Nordic Scandinavian Sweden
996,Hispanic Portuguese
997,EastAsian Malay Indonesia
998,CelticEnglish
999,CelticEnglish
1000,European German
1001,CelticEnglish
1002,CelticEnglish
1003,CelticEnglish
1004,CelticEnglish
1005,CelticEnglish
1006,Hispanic Philippines
1007,Greek
1008,CelticEnglish
1009,European French
1010,CelticEnglish
1011,CelticEnglish
1012,CelticEnglish
1013,CelticEnglish
1014,CelticEnglish
1015,CelticEnglish
1016,CelticEnglish
1017,CelticEnglish
1018,CelticEnglish
1019,CelticEnglish
1020,CelticEnglish
1021,Nordic Scandinavian Denmark
1022,CelticEnglish
1023,CelticEnglish
1024,European German
1025,CelticEnglish
1026,Hispanic Portuguese
1027,Nordic Scandinavian Sweden
1028,European French
1029,European German
1030,CelticEnglish
1031,CelticEnglish
1032,CelticEnglish
1033,CelticEnglish
1034,CelticEnglish
1035,CelticEnglish
1036,Hispanic Spanish
1037,European German
1038,CelticEnglish
1039,CelticEnglish
1040,CelticEnglish
1041,Nordic Finland
1042,CelticEnglish
1043,CelticEnglish
1044,CelticEnglish
1045,Nordic Scandinavian Norway
1046,Nordic Scandinavian Sweden
1047,CelticEnglish
1048,CelticEnglish
1049,Nordic Scandinavian Sweden
1050,CelticEnglish
1051,CelticEnglish
1052,CelticEnglish
1053,European French
1054,CelticEnglish
1055,CelticEnglish
1056,CelticEnglish
1057,European German
1058,European German
1059,CelticEnglish
1060,CelticEnglish
1061,Hispanic Spanish
1062,Nordic Scandinavian Sweden
1063,Hispanic Spanish
1064,CelticEnglish
1065,Muslim Nubian
1066,Nordic Scandinavian Sweden
1067,CelticEnglish
1068,European French
1069,European French
1070,CelticEnglish
1071,CelticEnglish
1072,CelticEnglish
1073,CelticEnglish
1074,CelticEnglish
1075,CelticEnglish
1076,CelticEnglish
1077,CelticEnglish
1078,CelticEnglish
1079,CelticEnglish
1080,CelticEnglish
1081,CelticEnglish
1082,CelticEnglish
1083,Hispanic Spanish
1084,European French
1085,CelticEnglish
1086,CelticEnglish
1087,Nordic Scandinavian Sweden
1088,CelticEnglish
1089,Nordic Scandinavian Sweden
1090,CelticEnglish
1091,Nordic Scandinavian Norway
1092,CelticEnglish
1093,CelticEnglish
1094,CelticEnglish
1095,CelticEnglish
1096,CelticEnglish
1097,European French
1098,CelticEnglish
1099,CelticEnglish
1100,European German
1101,EastAsian Malay Indonesia
1102,Nordic Scandinavian Denmark
1103,European Italian Italy
1104,CelticEnglish
1105,EastAsian Malay Indonesia
1106,Nordic Scandinavian Sweden
1107,CelticEnglish
1108,CelticEnglish
1109,CelticEnglish
1110,CelticEnglish
1111,CelticEnglish
1112,European Italian Romania
1113,CelticEnglish
1114,CelticEnglish
1115,Nordic Scandinavian Sweden
1116,CelticEnglish
1117,CelticEnglish
1118,Nordic Scandinavian Sweden
1119,CelticEnglish
1120,CelticEnglish
1121,CelticEnglish
1122,CelticEnglish
1123,CelticEnglish
1124,Nordic Scandinavian Sweden
1125,CelticEnglish
1126,CelticEnglish
1127,Nordic Scandinavian Sweden
1128,CelticEnglish
1129,Hispanic Portuguese
1130,Nordic Scandinavian Sweden
1131,CelticEnglish
1132,Hispanic Spanish
1133,CelticEnglish
1134,European French
1135,CelticEnglish
1136,CelticEnglish
1137,CelticEnglish
1138,CelticEnglish
1139,CelticEnglish
1140,CelticEnglish
1141,Hispanic Spanish
1142,CelticEnglish
1143,Nordic Scandinavian Sweden
1144,CelticEnglish
1145,Nordic Scandinavian Sweden
1146,European German
1147,CelticEnglish
1148,CelticEnglish
1149,Nordic Scandinavian Sweden
1150,CelticEnglish
1151,CelticEnglish
1152,European French
1153,Nordic Scandinavian Sweden
1154,CelticEnglish
1155,European German
1156,Hispanic Spanish
1157,European SouthSlavs
1158,CelticEnglish
1159,CelticEnglish
1160,CelticEnglish
1161,CelticEnglish
1162,CelticEnglish
1163,CelticEnglish
1164,CelticEnglish
1165,CelticEnglish
1166,European French
1167,European German
1168,CelticEnglish
1169,CelticEnglish
1170,CelticEnglish
1171,CelticEnglish
1172,European SouthSlavs
1173,CelticEnglish
1174,CelticEnglish
1175,Hispanic Portuguese
1176,CelticEnglish
1177,CelticEnglish
1178,CelticEnglish
1179,CelticEnglish
1180,European French
1181,CelticEnglish
1182,CelticEnglish
1183,CelticEnglish
1184,Muslim Nubian
1185,CelticEnglish
1186,European French
1187,European French
1188,European French
1189,European German
1190,CelticEnglish
1191,Nordic Scandinavian Sweden
1192,Nordic Scandinavian Sweden
1193,Hispanic Philippines
1194,CelticEnglish
1195,Hispanic Portuguese
1196,CelticEnglish
1197,CelticEnglish
1198,CelticEnglish
1199,CelticEnglish
1200,CelticEnglish
1201,CelticEnglish
1202,European French
1203,CelticEnglish
1204,CelticEnglish
1205,CelticEnglish
1206,CelticEnglish
1207,CelticEnglish
1208,CelticEnglish
1209,CelticEnglish
1210,Nordic Scandinavian Sweden
1211,CelticEnglish
1212,Nordic Scandinavian Sweden
1213,Muslim Persian
1214,Hispanic Spanish
1215,CelticEnglish
1216,European French
1217,Muslim Nubian
1218,European German
1219,CelticEnglish
1220,CelticEnglish
1221,Nordic Scandinavian Sweden
1222,CelticEnglish
1223,CelticEnglish
1224,European French
1225,EastAsian Japan
1226,Hispanic Spanish
1227,CelticEnglish
1228,Hispanic Portuguese
1229,African EastAfrican
1230,CelticEnglish
1231,EastAsian Malay Indonesia
1232,CelticEnglish
1233,Nordic Scandinavian Sweden
1234,CelticEnglish
1235,CelticEnglish
1236,CelticEnglish
1237,CelticEnglish
1238,CelticEnglish
1239,European French
1240,CelticEnglish
1241,CelticEnglish
1242,European French
1243,CelticEnglish
1244,CelticEnglish
1245,African EastAfrican
1246,CelticEnglish
1247,EastAsian Malay Indonesia
1248,Hispanic Philippines
1249,CelticEnglish
1250,CelticEnglish
1251,Nordic Scandinavian Sweden
1252,CelticEnglish
1253,European French
1254,CelticEnglish
1255,Hispanic Spanish
1256,CelticEnglish
1257,CelticEnglish
1258,Hispanic Philippines
1259,European Italian Italy
1260,CelticEnglish
1261,Hispanic Spanish
1262,Hispanic Spanish
1263,CelticEnglish
1264,CelticEnglish
1265,CelticEnglish
1266,CelticEnglish
1267,CelticEnglish
1268,European German
1269,CelticEnglish
1270,CelticEnglish
1271,Nordic Scandinavian Sweden
1272,CelticEnglish
1273,CelticEnglish
1274,CelticEnglish
1275,CelticEnglish
1276,CelticEnglish
1277,CelticEnglish
1278,Nordic Scandinavian Sweden
1279,CelticEnglish
1280,CelticEnglish
1281,CelticEnglish
1282,CelticEnglish
1283,CelticEnglish
1284,CelticEnglish
1285,CelticEnglish
1286,EastAsian Malay Indonesia
1287,CelticEnglish
1288,CelticEnglish
1289,EastAsian Malay Indonesia
1290,Nordic Scandinavian Norway
1291,CelticEnglish
1292,CelticEnglish
1293,CelticEnglish
1294,CelticEnglish
1295,Hispanic Spanish
1296,CelticEnglish
1297,CelticEnglish
1298,CelticEnglish
1299,CelticEnglish
1300,CelticEnglish
1301,CelticEnglish
1302,CelticEnglish
1303,CelticEnglish
1304,Nordic Scandinavian Sweden
1305,CelticEnglish
1306,Hispanic Spanish
1307,Nordic Scandinavian Denmark
1308,CelticEnglish
1309,CelticEnglish
